{
"0": 88238.08333333333,
"1": 88238.08333333333,
"2": 88238.08333333333,
"3": 88238.08333333333,
"4": 88238.08333333333,
"5": 88238.08333333333,
"6": 88238.08333333333,
"7": 88238.08333333333,
"8": 88238.08333333333,
"9": 88238.08333333333,
"10": 88238.08333333333,
"11": 88238.08333333333,
"12": 88238.08333333333,
"13": 88238.08333333333,
"14": 88238.08333333333,
"15": 88238.08333333333,
"16": 88238.08333333333,
"17": 88238.08333333333,
"18": 88238.08333333333,
"19": 88238.08333333333,
"20": 88238.08333333333,
"21": 88238.08333333333,
"22": 88238.08333333333,
"23": 88238.08333333333,
"24": 88238.08333333333,
"25": 88238.08333333333,
"26": 88238.08333333333,
"27": 88238.08333333333,
"28": 88238.08333333333,
"29": 88238.08333333333,
"30": 88238.08333333333,
"31": 88238.08333333333,
"32": 88238.08333333333,
"33": 88238.08333333333,
"34": 88238.08333333333,
"35": 88238.08333333333,
"36": 88238.08333333333,
"37": 88238.08333333333,
"38": 88238.08333333333,
"39": 88238.08333333333,
"40": 88238.08333333333,
"41": 88238.08333333333,
"42": 88238.08333333333,
"43": 88238.08333333333,
"44": 88238.08333333333,
"45": 88238.08333333333,
"46": 88238.08333333333,
"47": 88238.08333333333,
"48": 88238.08333333333,
"49": 88238.08333333333,
"50": 88238.08333333333,
"51": 88238.08333333333,
"52": 88238.08333333333,
"53": 88238.08333333333,
"54": 88238.08333333333,
"55": 88238.08333333333,
"56": 88238.08333333333,
"57": 88238.08333333333,
"58": 88238.08333333333,
"59": 88238.08333333333,
"60": 88238.08333333333,
"61": 88238.08333333333,
"62": 88238.08333333333,
"63": 88238.08333333333,
"64": 88238.08333333333,
"65": 88238.08333333333,
"66": 88238.08333333333,
"67": 88238.08333333333,
"68": 88238.08333333333,
"69": 88238.08333333333,
"70": 88238.08333333333,
"71": 88238.08333333333,
"72": 88238.08333333333,
"73": 88238.08333333333,
"74": 88238.08333333333,
"75": 88238.08333333333,
"76": 88238.08333333333,
"77": 88238.08333333333,
"78": 88238.08333333333,
"79": 88238.08333333333,
"80": 88238.08333333333,
"81": 88238.08333333333,
"82": 88238.08333333333,
"83": 88238.08333333333,
"84": 88238.08333333333,
"85": 88238.08333333333,
"86": 88238.08333333333,
"87": 88238.08333333333,
"88": 88238.08333333333,
"89": 88238.08333333333,
"90": 88238.08333333333,
"91": 88238.08333333333,
"92": 88238.08333333333,
"93": 88238.08333333333,
"94": 88238.08333333333,
"95": 88238.08333333333,
"96": 88238.08333333333,
"97": 88238.08333333333,
"98": 88238.08333333333,
"99": 88238.08333333333,
"100": 88238.08333333333,
"101": 88238.08333333333,
"102": 88238.08333333333,
"103": 88238.08333333333,
"104": 88238.08333333333,
"105": 88238.08333333333,
"106": 88238.08333333333,
"107": 88238.08333333333,
"108": 88238.08333333333,
"109": 88238.08333333333,
"110": 88238.08333333333,
"111": 88238.08333333333,
"112": 88238.08333333333,
"113": 88238.08333333333,
"114": 88238.08333333333,
"115": 88238.08333333333,
"116": 88238.08333333333,
"117": 88238.08333333333,
"118": 88238.08333333333,
"119": 88238.08333333333,
"120": 88238.08333333333,
"121": 88238.08333333333,
"122": 88238.08333333333,
"123": 88238.08333333333,
"124": 88238.08333333333,
"125": 88238.08333333333,
"126": 88238.08333333333,
"127": 88238.08333333333,
"128": 88238.08333333333,
"129": 88238.08333333333,
"130": 88238.08333333333,
"131": 88238.08333333333,
"132": 88238.08333333333,
"133": 88238.08333333333,
"134": 88238.08333333333,
"135": 88238.08333333333,
"136": 88238.08333333333,
"137": 88238.08333333333,
"138": 88238.08333333333,
"139": 88238.08333333333,
"140": 88238.08333333333,
"141": 88238.08333333333,
"142": 88238.08333333333,
"143": 88238.08333333333,
"144": 88238.08333333333,
"145": 88238.08333333333,
"146": 88238.08333333333,
"147": 88238.08333333333,
"148": 88238.08333333333,
"149": 88238.08333333333,
"150": 88238.08333333333,
"151": 88238.08333333333,
"152": 88238.08333333333,
"153": 88238.08333333333,
"154": 88238.08333333333,
"155": 88238.08333333333,
"156": 88238.08333333333,
"157": 88238.08333333333,
"158": 88238.08333333333,
"159": 88238.08333333333,
"160": 88238.08333333333,
"161": 88238.08333333333,
"162": 88238.08333333333,
"163": 88238.08333333333,
"164": 88238.08333333333,
"165": 88238.08333333333,
"166": 88238.08333333333,
"167": 88238.08333333333,
"168": 88238.08333333333,
"169": 88238.08333333333,
"170": 88238.08333333333,
"171": 88238.08333333333,
"172": 88238.08333333333,
"173": 88238.08333333333,
"174": 88238.08333333333,
"175": 88238.08333333333,
"176": 88238.08333333333,
"177": 88238.08333333333,
"178": 88238.08333333333,
"179": 88238.08333333333,
"180": 88238.08333333333,
"181": 88238.08333333333,
"182": 88238.08333333333,
"183": 88238.08333333333,
"184": 88238.08333333333,
"185": 88238.08333333333,
"186": 88238.08333333333,
"187": 88238.08333333333,
"188": 88238.08333333333,
"189": 88238.08333333333,
"190": 88238.08333333333,
"191": 88238.08333333333,
"192": 88238.08333333333,
"193": 88238.08333333333,
"194": 88238.08333333333,
"195": 88238.08333333333,
"196": 88238.08333333333,
"197": 88238.08333333333,
"198": 88238.08333333333,
"199": 88238.08333333333,
"200": 88238.08333333333,
"201": 88238.08333333333,
"202": 88238.08333333333,
"203": 88238.08333333333,
"204": 88238.08333333333,
"205": 88238.08333333333,
"206": 88238.08333333333,
"207": 88238.08333333333,
"208": 88238.08333333333,
"209": 88238.08333333333,
"210": 88238.08333333333,
"211": 88238.08333333333,
"212": 88238.08333333333,
"213": 88238.08333333333,
"214": 88238.08333333333,
"215": 88238.08333333333,
"216": 88238.08333333333,
"217": 88238.08333333333,
"218": 88238.08333333333,
"219": 88238.08333333333,
"220": 88238.08333333333,
"221": 88238.08333333333,
"222": 88238.08333333333,
"223": 88238.08333333333,
"224": 88238.08333333333,
"225": 88238.08333333333,
"226": 88238.08333333333,
"227": 88238.08333333333,
"228": 88238.08333333333,
"229": 88238.08333333333,
"230": 88238.08333333333,
"231": 88238.08333333333,
"232": 88238.08333333333,
"233": 88238.08333333333,
"234": 88238.08333333333,
"235": 88238.08333333333,
"236": 88238.08333333333,
"237": 88238.08333333333,
"238": 88238.08333333333,
"239": 88238.08333333333,
"240": 88238.08333333333,
"241": 88238.08333333333,
"242": 88238.08333333333,
"243": 88238.08333333333,
"244": 88238.08333333333,
"245": 88238.08333333333,
"246": 88238.08333333333,
"247": 88238.08333333333,
"248": 88238.08333333333,
"249": 88238.08333333333,
"250": 88238.08333333333,
"251": 88238.08333333333,
"252": 88238.08333333333,
"253": 88238.08333333333,
"254": 88238.08333333333,
"255": 88238.08333333333,
"256": 88238.08333333333,
"257": 88238.08333333333,
"258": 88238.08333333333,
"259": 88238.08333333333,
"260": 88238.08333333333,
"261": 88238.08333333333,
"262": 88238.08333333333,
"263": 88238.08333333333,
"264": 88238.08333333333,
"265": 88238.08333333333,
"266": 88238.08333333333,
"267": 88238.08333333333,
"268": 88238.08333333333,
"269": 88238.08333333333,
"270": 88238.08333333333,
"271": 88238.08333333333,
"272": 88238.08333333333,
"273": 31.416666666666668
}